name,school,hashtags
Beck Fisher,laoreet@emailarizona.edu,#America
Harlan Powell,justo.nec.ante@emailarizona.edu,#PETA
Ferris Goff,porttitor.tellus@nau.edu,#BLM
Wylie Houston,penatibus.et@emailarizona.edu,#BLM
Armand Craig,ut.mi.duis@emailarizona.edu,#SaveTheTrees
Maxine Bean,eget@nau.edu,#America
Joel Jackson,sit@nau.edu,#SaveTheTrees
Lester Green,massa.suspendisse@emailarizona.edu,#America
Kirestin Phillips,faucibus.ut@emailarizona.edu,#SaveTheTrees
Magee Rhodes,ac@nau.edu,#SaveTheTrees
Holmes Booth,leo.morbi@emailarizona.edu,#BLM
Chase Jacobson,nec@nau.edu,#SaveTheTrees
Roanna Chan,sem@emailarizona.edu,#America
Samuel Mcbride,lectus.rutrum@nau.edu,#PETA
Florence Wagner,netus.et.malesuada@emailarizona.edu,#VeteransDay
Jacob Townsend,magna@emailarizona.edu,#VeteransDay
Preston Bernard,ac.tellus@emailarizona.edu,#SaveTheTrees
Abdul Paul,nec.tellus.nunc@nau.edu,#VeteransDay
Imelda England,pellentesque@emailarizona.edu,#America
Quin Stephenson,nulla.interdum@emailarizona.edu,#VeteransDay
Arthur Lynn,nunc.sed@emailarizona.edu,#America
Stewart Curtis,ut.nulla.cras@emailarizona.edu,#PETA
Gillian Pittman,neque.pellentesque.massa@nau.edu,#BLM
Rae Marshall,in.sodales@emailarizona.edu,#America
Chester Harrison,morbi.non@emailarizona.edu,#America
Jolie Moreno,luctus.felis@emailarizona.edu,#PETA
Ahmed Gomez,aliquam@nau.edu,#VeteransDay
Kylynn Riggs,aliquam@nau.edu,#BLM
Magee Love,nunc.lectus.pede@nau.edu,#VeteransDay
Russell Rutledge,luctus@emailarizona.edu,#SaveTheTrees
Suki Ross,nunc.lectus.pede@emailarizona.edu,#PETA
Fay Prince,morbi.accumsan@nau.edu,#SaveTheTrees
Suki Sharp,ut.ipsum@emailarizona.edu,#PETA
Norman Holden,elit@emailarizona.edu,#America
Cody Oneil,tellus.lorem@nau.edu,#BLM
Brittany Pollard,luctus@nau.edu,#VeteransDay
Ronan Cash,pede@nau.edu,#PETA
Mallory Gentry,sed@nau.edu,#PETA
Audrey Robertson,vehicula.pellentesque@emailarizona.edu,#VeteransDay
Rachel Lyons,sed@emailarizona.edu,#America
Raymond Sampson,mollis.vitae@nau.edu,#SaveTheTrees
Rafael Hines,viverra.maecenas.iaculis@nau.edu,#PETA
Mariam Herman,non.dapibus@emailarizona.edu,#SaveTheTrees
Ivan Wilder,tortor@nau.edu,#BLM
Brenden Goff,est@nau.edu,#VeteransDay
Illana Donaldson,scelerisque.neque.nullam@nau.edu,#America
Giselle Whitaker,nascetur@nau.edu,#America
Mary Diaz,orci.lacus@nau.edu,#America
Clinton Fleming,luctus.felis@emailarizona.edu,#VeteransDay
Amir Jacobson,mollis.dui.in@emailarizona.edu,#America
Bradley Haney,ultricies.ornare@emailarizona.edu,#America
Diana Burris,nunc.est.mollis@nau.edu,#PETA
Patricia Calhoun,quam.pellentesque@nau.edu,#America
Bryar Rodriquez,tellus@nau.edu,#VeteransDay
Sylvia Le,a.magna@emailarizona.edu,#BLM
Eve Guerrero,in.consectetuer@emailarizona.edu,#America
Nayda Neal,mauris.sit.amet@emailarizona.edu,#PETA
Leo Preston,feugiat.nec.diam@emailarizona.edu,#SaveTheTrees
Lane Ramirez,non@emailarizona.edu,#SaveTheTrees
Basil Jones,metus.in@emailarizona.edu,#VeteransDay
Gloria Austin,morbi.vehicula@emailarizona.edu,#VeteransDay
Alfonso Martinez,faucibus.ut@emailarizona.edu,#VeteransDay
Suki Kent,tempus.risus@emailarizona.edu,#PETA
Maryam Rivas,faucibus@emailarizona.edu,#America
Justina Hartman,pede.ac@emailarizona.edu,#VeteransDay
Tasha Mcfadden,duis.risus@nau.edu,#PETA
Hyatt Bean,dictum.eu@emailarizona.edu,#VeteransDay
Olga Sheppard,massa@emailarizona.edu,#PETA
Elliott Crawford,felis.purus@nau.edu,#BLM
Ryder Mercer,integer@nau.edu,#America
Athena Hamilton,enim.etiam@emailarizona.edu,#America
Jena Booker,et.pede.nunc@nau.edu,#America
William Weaver,nec.orci.donec@emailarizona.edu,#BLM
Justin Holloway,eu.tempor.erat@nau.edu,#BLM
Ina Moran,in.consequat@emailarizona.edu,#VeteransDay
Rowan Bird,arcu@nau.edu,#VeteransDay
Abraham Lyons,pharetra.quisque@emailarizona.edu,#PETA
Daria Payne,mauris.integer@emailarizona.edu,#SaveTheTrees
Hu Macdonald,magna.nec@nau.edu,#America
Walter Fleming,integer.in@nau.edu,#VeteransDay
Reece English,augue@emailarizona.edu,#BLM
Mufutau Macdonald,ac.orci.ut@emailarizona.edu,#SaveTheTrees
Carla Henry,erat@nau.edu,#BLM
Herman Higgins,ligula@emailarizona.edu,#PETA
Indigo Dennis,fermentum.arcu@emailarizona.edu,#BLM
Kasimir Duffy,non.nisi@nau.edu,#VeteransDay
Colin Calderon,gravida.nunc@nau.edu,#America
Amal Merritt,consequat.nec.mollis@emailarizona.edu,#SaveTheTrees
Savannah Lopez,ornare.facilisis.eget@nau.edu,#BLM
Merrill Sheppard,vel.pede@nau.edu,#VeteransDay
Gisela England,fusce.feugiat@nau.edu,#VeteransDay
Giselle Carson,lorem.lorem@nau.edu,#America
Dai Reeves,pharetra.quisque@nau.edu,#SaveTheTrees
Adria Knight,morbi.vehicula.pellentesque@emailarizona.edu,#VeteransDay
Ivan Valdez,elit.aliquam@emailarizona.edu,#SaveTheTrees
Lunea Burks,gravida@nau.edu,#SaveTheTrees
Kirsten Lloyd,risus.at.fringilla@emailarizona.edu,#BLM
Claire Lamb,sapien.nunc@emailarizona.edu,#America
Jana Rollins,vivamus.nibh@emailarizona.edu,#PETA
Jonas Clay,aliquam@emailarizona.edu,#PETA
